protein_id,abundance_CTRL_1,abundance_CTRL_2,abundance_CTRL_3,abundance_TREAT_1,abundance_TREAT_2,abundance_TREAT_3,peptide_count_CTRL_1,peptide_count_CTRL_2,peptide_count_CTRL_3,peptide_count_TREAT_1,peptide_count_TREAT_2,peptide_count_TREAT_3
P00001,7346520.6,6853274.66,4785594.15,4853856.0,6657927.99,4958902.64,13,13,11,15,15,9
P00002,,975886.97,1196820.27,961015.04,1612253.6,1119976.25,0,2,7,4,3,6
P00003,9102830.3,9795877.53,11284279.67,17928811.99,10935507.73,6983927.81,11,18,15,19,15,13
P00004,14347270.41,12361994.79,18858768.59,11111352.9,15854566.19,9500359.35,17,14,15,9,13,10
P00005,,275099.27,450268.37,450637.51,223602.44,,0,3,4,3,2,0
P00006,871183.98,929771.87,900883.96,663645.09,816461.57,,7,3,4,4,3,0
P00007,6077779.05,4390098.58,7016250.07,6167110.56,4009475.61,3770273.56,9,19,7,12,15,12
P00008,2984425.43,2835430.33,2118624.18,3103567.67,2103235.2,4414085.27,10,8,12,9,5,12
P00009,4842691.48,4615383.98,3516831.74,3954145.84,3319201.05,8310658.86,10,8,10,6,9,10
P00010,1470804.03,1612431.95,,,1334231.64,1088924.58,7,13,0,0,6,10
P00011,13478047.17,14766260.13,11431274.48,10719547.43,15691525.12,11491224.63,17,13,16,12,14,12
P00012,12900971.39,10807695.25,7926130.73,12334114.04,8023431.92,12025303.14,17,13,16,11,13,10
P00013,3198248.75,4109982.57,5313231.3,1019627.7,1147113.15,1731870.27,9,15,14,7,10,5
P00014,15840881.09,16790394.58,16219839.73,3178847.01,3805289.73,3368405.03,19,21,10,11,16,18
P00015,6705374.07,4991180.9,5260376.44,1378089.99,1735393.3,1770431.47,13,11,12,14,16,11
P00016,1229522.17,1010602.48,1122139.72,374259.48,457762.2,,6,3,5,8,8,0
P00017,6215554.29,4820684.38,7169699.68,2436592.14,1892801.66,1845934.0,14,11,9,14,15,13
P00018,1822188.5,,1553785.17,329520.43,438464.54,289330.06,2,0,5,8,5,5
P00019,10172490.88,13828405.91,20371746.79,3048540.18,3022128.46,3037330.57,13,13,16,9,9,17
P00020,4984546.37,3163775.26,7991224.88,1055995.69,832190.01,705809.75,3,9,11,10,20,9
P00021,2214029.98,3038422.05,,1142963.86,788579.76,785845.91,8,13,0,5,7,14
P00022,1653529.16,2458005.52,1410708.5,472878.72,,420309.11,10,6,7,5,0,5
P00023,20056103.11,17683273.34,11493845.38,98713897.83,113835483.32,115381275.08,18,22,10,20,16,17
P00024,3987421.67,4136494.92,3690912.09,25589488.62,,17099874.55,7,18,7,8,0,12
P00025,2920814.33,1959757.52,2017980.13,15428288.29,14212739.69,15589252.35,10,6,14,9,8,9
P00026,3276743.11,2571638.57,2443952.08,22194120.54,16161295.62,19549253.0,11,8,14,13,8,8
P00027,7487759.98,6471410.73,,48191941.47,84900660.82,47867953.72,19,10,0,12,10,16
P00028,5915120.75,6094758.98,6395042.45,27812597.54,59019768.65,40767440.83,16,9,16,11,11,9
P00029,8643656.2,8606686.86,9091026.56,28492186.07,32283273.27,40223159.49,12,14,11,9,15,12
P00030,6854031.03,4721833.23,7458452.02,60620506.97,37878966.4,40614944.66,9,10,10,10,20,11
P00031,44536210.41,67435921.84,58399127.88,92199058.57,42553102.37,50944404.84,15,24,25,17,24,23
P00032,1918839.28,2676025.5,1964831.49,2418399.65,2188795.16,2727647.84,11,16,13,7,11,9
P00033,,1916457.54,1474530.32,2017094.89,2389744.32,2161966.56,0,3,11,6,10,10
P00034,1714332.3,1069932.86,1350443.0,2166169.33,2035931.87,2524940.56,6,11,8,1,5,9
P00035,9363470.8,9205140.35,8928207.14,6914995.93,7579039.62,13249523.83,11,10,14,10,17,17
P00036,20283735.07,15087262.02,26343169.45,13807948.67,14637835.2,18838704.49,13,16,17,19,13,15
P00037,3280208.64,3849744.45,3755284.19,4253028.09,2161113.5,3023576.3,13,7,8,6,9,15
P00038,1527993.77,,1866206.46,1336109.25,,1122570.27,7,0,5,7,0,8
P00039,1745114.72,2211442.69,,1497517.22,1158710.53,,7,9,0,6,10,0
P00040,8761799.25,8911844.0,7085001.36,9077489.99,8306234.77,10066293.6,11,13,14,12,8,10
