protein_id,gene_symbol,gene_set,planted_log2fc,expected_significant,expected_direction
P00001,Snap25,EXAMPLE_SYNAPTIC_VESICLE_CYCLE,0.0,False,none
P00002,Syn1,EXAMPLE_SYNAPTIC_VESICLE_CYCLE,0.0,False,none
P00003,Syt1,EXAMPLE_SYNAPTIC_VESICLE_CYCLE,0.0,False,none
P00004,Stx1a,EXAMPLE_SYNAPTIC_VESICLE_CYCLE,0.0,False,none
P00005,Vamp2,EXAMPLE_SYNAPTIC_VESICLE_CYCLE,0.0,False,none
P00006,Sypl1,EXAMPLE_SYNAPTIC_VESICLE_CYCLE,0.0,False,none
P00007,Dlg4,EXAMPLE_SYNAPTIC_VESICLE_CYCLE,0.0,False,none
P00008,Nrxn1,EXAMPLE_SYNAPTIC_VESICLE_CYCLE,0.0,False,none
P00009,Nlgn2,EXAMPLE_SYNAPTIC_VESICLE_CYCLE,0.0,False,none
P00010,Cplx1,EXAMPLE_SYNAPTIC_VESICLE_CYCLE,0.0,False,none
P00011,Rab3a,EXAMPLE_SYNAPTIC_VESICLE_CYCLE,0.0,False,none
P00012,Syngap1,EXAMPLE_SYNAPTIC_VESICLE_CYCLE,0.0,False,none
P00013,Ndufa9,EXAMPLE_MITOCHONDRIAL_RESPIRATION,-2.0,True,down_in_TREAT
P00014,Sdha,EXAMPLE_MITOCHONDRIAL_RESPIRATION,-2.0,True,down_in_TREAT
P00015,Uqcrc1,EXAMPLE_MITOCHONDRIAL_RESPIRATION,-2.0,True,down_in_TREAT
P00016,Cox4i1,EXAMPLE_MITOCHONDRIAL_RESPIRATION,-2.0,True,down_in_TREAT
P00017,Atp5f1a,EXAMPLE_MITOCHONDRIAL_RESPIRATION,-2.0,True,down_in_TREAT
P00018,Cs,EXAMPLE_MITOCHONDRIAL_RESPIRATION,-2.0,True,down_in_TREAT
P00019,Idh3a,EXAMPLE_MITOCHONDRIAL_RESPIRATION,-2.0,True,down_in_TREAT
P00020,Mdh2,EXAMPLE_MITOCHONDRIAL_RESPIRATION,-2.0,True,down_in_TREAT
P00021,Aco2,EXAMPLE_MITOCHONDRIAL_RESPIRATION,-2.0,True,down_in_TREAT
P00022,Slc25a4,EXAMPLE_MITOCHONDRIAL_RESPIRATION,-2.0,True,down_in_TREAT
P00023,Gfap,EXAMPLE_ASTROCYTE_MARKERS,2.5,True,up_in_TREAT
P00024,Aqp4,EXAMPLE_ASTROCYTE_MARKERS,2.5,True,up_in_TREAT
P00025,Slc1a2,EXAMPLE_ASTROCYTE_MARKERS,2.5,True,up_in_TREAT
P00026,Slc1a3,EXAMPLE_ASTROCYTE_MARKERS,2.5,True,up_in_TREAT
P00027,S100b,EXAMPLE_ASTROCYTE_MARKERS,2.5,True,up_in_TREAT
P00028,Aldh1l1,EXAMPLE_ASTROCYTE_MARKERS,2.5,True,up_in_TREAT
P00029,Vim,EXAMPLE_ASTROCYTE_MARKERS,2.5,True,up_in_TREAT
P00030,Sox9,EXAMPLE_ASTROCYTE_MARKERS,2.5,True,up_in_TREAT
P00031,Actb,EXAMPLE_CYTOSKELETON_AND_GLYCOLYSIS,0.0,False,none
P00032,Tubb3,EXAMPLE_CYTOSKELETON_AND_GLYCOLYSIS,0.0,False,none
P00033,Map2,EXAMPLE_CYTOSKELETON_AND_GLYCOLYSIS,0.0,False,none
P00034,Nefl,EXAMPLE_CYTOSKELETON_AND_GLYCOLYSIS,0.0,False,none
P00035,Nefm,EXAMPLE_CYTOSKELETON_AND_GLYCOLYSIS,0.0,False,none
P00036,Sptbn1,EXAMPLE_CYTOSKELETON_AND_GLYCOLYSIS,0.0,False,none
P00037,Ank2,EXAMPLE_CYTOSKELETON_AND_GLYCOLYSIS,0.0,False,none
P00038,Camk2a,EXAMPLE_CYTOSKELETON_AND_GLYCOLYSIS,0.0,False,none
P00039,Gapdh,EXAMPLE_CYTOSKELETON_AND_GLYCOLYSIS,0.0,False,none
P00040,Eno2,EXAMPLE_CYTOSKELETON_AND_GLYCOLYSIS,0.0,False,none
